<?xml version="1.0" encoding="UTF-8"?><?xml-stylesheet type='text/xsl' href='_UpgradeReport_Files/UpgradeReport.xslt'?><UpgradeLog>
<Properties><Property Name="Solution" Value="collision_vc9">
</Property><Property Name="Solution File" Value="D:\Medi\Programiranje\wemu\trunk\extras\collision\collision_dll\collision_vc9.sln">
</Property><Property Name="Date" Value="17. октобар 2011">
</Property><Property Name="Time" Value="21:56">
</Property></Properties><Event ErrorLevel="0" Project="" Source="collision_vc9.sln" Description="File successfully backed up as D:\Medi\Programiranje\wemu\trunk\extras\collision\collision_dll\collision_vc9.sln.old">
</Event><Event ErrorLevel="0" Project="collision_vc9" Source="collision_vc9.vcproj" Description="Converting project file 'D:\Medi\Programiranje\wemu\trunk\extras\collision\collision_dll\collision_vc9.vcproj'.">
</Event><Event ErrorLevel="1" Project="collision_vc9" Source="collision_vc9.vcproj" Description="VCWebServiceProxyGeneratorTool is no longer supported. The tool has been removed from your project settings.">
</Event><Event ErrorLevel="1" Project="collision_vc9" Source="collision_vc9.vcproj" Description="Attribute 'Detect64BitPortabilityProblems' of 'VCCLCompilerTool' is not supported in this version and has been removed during conversion.">
</Event><Event ErrorLevel="1" Project="collision_vc9" Source="collision_vc9.vcproj" Description="Attribute 'Detect64BitPortabilityProblems' of 'VCCLCompilerTool' is not supported in this version and has been removed during conversion.">
</Event><Event ErrorLevel="1" Project="collision_vc9" Source="collision_vc9.vcproj" Description="Attribute 'Detect64BitPortabilityProblems' of 'VCCLCompilerTool' is not supported in this version and has been removed during conversion.">
</Event><Event ErrorLevel="1" Project="collision_vc9" Source="collision_vc9.vcproj" Description="Attribute 'OptimizeForWindows98' of 'VCLinkerTool' is not supported in this version and has been removed during conversion.">
</Event><Event ErrorLevel="1" Project="collision_vc9" Source="collision_vc9.vcproj" Description="Attribute 'Detect64BitPortabilityProblems' of 'VCCLCompilerTool' is not supported in this version and has been removed during conversion.">
</Event><Event ErrorLevel="1" Project="collision_vc9" Source="collision_vc9.vcproj" Description="Attribute 'OptimizeForWindows98' of 'VCLinkerTool' is not supported in this version and has been removed during conversion.">
</Event><Event ErrorLevel="0" Project="collision_vc9" Source="collision_vc9.vcproj" Description="Done converting to new project file 'D:\Medi\Programiranje\wemu\trunk\extras\collision\collision_dll\collision_vc9.vcxproj'.">
</Event><Event ErrorLevel="3" Project="collision_vc9" Source="collision_vc9.vcproj" Description="Converted">
</Event><Event ErrorLevel="0" Project="" Source="collision_vc9.sln" Description="Solution converted successfully">
</Event><Event ErrorLevel="3" Project="" Source="collision_vc9.sln" Description="Converted">
</Event></UpgradeLog>